regime,tail_3,tail_5,tail_10
2016-2020,29.02519,14.841183,3.3953998
2021-2023,26.210045,12.146119,2.0091324
2024-2026,18.989071,5.6010928,.13661201
