regime,pct_drawdown_days
2016-2020,96.659363
2021-2023,98.721466
2024-2026,97.267761
